{
	"credit": "Made with Blockbench",
	"parent": "block/template_wall_post",
	"textures": {
		"0": "block/smooth_stone",
		"particle": "block/smooth_stone"
	},
	"elements": [
		{
			"from": [5, 5, 0],
			"to": [11, 11, 8],
			"rotation": {"angle": 0, "axis": "x", "origin": [8, 2, 3]},
			"faces": {
				"north": {"uv": [0, 0, 16, 16], "texture": "#0"},
				"east": {"uv": [0, 0, 16, 16], "texture": "#0"},
				"south": {"uv": [0, 0, 16, 16], "texture": "#0"},
				"west": {"uv": [0, 0, 16, 16], "texture": "#0"},
				"up": {"uv": [0, 0, 16, 16], "texture": "#0"},
				"down": {"uv": [0, 0, 16, 16], "texture": "#0"}
			}
		}
	],
	"groups": [
		{
			"name": "brick_wall_inventory",
			"origin": [8, 8, 8],
			"children": [
				{
					"name": "prismarine_wall_post",
					"origin": [8, 8, 8],
					"children": []
				},
				{
					"name": "prismarine_wall_side",
					"origin": [8, 8, 8],
					"children": [0]
				}
			]
		}
	]
}