{
	"credit": "Made with Blockbench",
	"parent": "block/template_wall_post",
	"textures": {
		"0": "block/smooth_stone",
		"particle": "block/smooth_stone"
	},
	"elements": [
		{
			"from": [4, 0, 4],
			"to": [12, 6, 12],
			"faces": {
				"north": {"uv": [0, 1, 16, 16], "texture": "#0"},
				"east": {"uv": [0, 1, 16, 16], "texture": "#0"},
				"south": {"uv": [0, 1, 16, 16], "texture": "#0"},
				"west": {"uv": [0, 1, 16, 16], "texture": "#0"},
				"up": {"uv": [0, 1, 16, 16], "texture": "#missing"},
				"down": {"uv": [0, 0, 16, 16], "texture": "#0"}
			}
		},
		{
			"from": [4, 6, 4],
			"to": [12, 12, 12],
			"rotation": {"angle": 0, "axis": "y", "origin": [8, 14, 8]},
			"faces": {
				"north": {"uv": [0, 0, 16, 16], "texture": "#0"},
				"east": {"uv": [0, 0, 16, 15], "texture": "#0"},
				"south": {"uv": [0, 0, 16, 15], "texture": "#0"},
				"west": {"uv": [0, 0, 16, 15], "texture": "#0"},
				"up": {"uv": [0, 0, 16, 16], "texture": "#0"},
				"down": {"uv": [0, 0, 16, 16], "texture": "#0"}
			}
		},
		{
			"from": [5, 5, 0],
			"to": [11, 11, 8],
			"rotation": {"angle": 0, "axis": "x", "origin": [9, 1, 3]},
			"faces": {
				"north": {"uv": [0, 0, 16, 16], "texture": "#0"},
				"east": {"uv": [0, 0, 16, 16], "texture": "#0"},
				"south": {"uv": [0, 0, 16, 16], "texture": "#0"},
				"west": {"uv": [0, 0, 16, 16], "texture": "#0"},
				"up": {"uv": [0, 0, 16, 16], "texture": "#0"},
				"down": {"uv": [0, 0, 16, 16], "texture": "#0"}
			}
		},
		{
			"from": [5, 5, 8],
			"to": [11, 11, 16],
			"rotation": {"angle": 0, "axis": "y", "origin": [9, 1, 10]},
			"faces": {
				"north": {"uv": [0, 0, 16, 16], "texture": "#0"},
				"east": {"uv": [0, 0, 15, 16], "texture": "#0"},
				"south": {"uv": [0, 0, 16, 16], "texture": "#0"},
				"west": {"uv": [1, 0, 16, 16], "texture": "#0"},
				"up": {"uv": [0, 0, 16, 15], "rotation": 180, "texture": "#0"},
				"down": {"uv": [0, 1, 16, 16], "rotation": 180, "texture": "#0"}
			}
		}
	],
	"groups": [
		{
			"name": "prismarine_wall_post",
			"origin": [8, 8, 8],
			"children": [0, 1]
		},
		{
			"name": "prismarine_wall_side",
			"origin": [8, 8, 8],
			"children": [2, 3]
		}
	]
}