{
	"credit": "Made with Blockbench",
	"parent": "block/block",
	"textures": {
		"0": "block/yellow_concrete",
		"particle": "block/yellow_concrete"
	},
	"elements": [
		{
			"from": [0, 13, 0],
			"to": [16, 16, 16],
			"rotation": {"angle": 0, "axis": "y", "origin": [8, 21, 8]},
			"faces": {
				"north": {"uv": [0, 8, 16, 16], "texture": "#0", "cullface": "north"},
				"east": {"uv": [0, 8, 16, 16], "texture": "#0", "cullface": "east"},
				"south": {"uv": [0, 8, 16, 16], "texture": "#0", "cullface": "south"},
				"west": {"uv": [0, 8, 16, 16], "texture": "#0", "cullface": "west"},
				"up": {"uv": [0, 0, 16, 16], "texture": "#0"},
				"down": {"uv": [0, 0, 16, 16], "texture": "#0", "cullface": "down"}
			}
		},
		{
			"from": [0, 0, 0],
			"to": [16, 6, 16],
			"rotation": {"angle": 0, "axis": "y", "origin": [8, 9, 8]},
			"faces": {
				"north": {"uv": [0, 8, 16, 16], "texture": "#0", "cullface": "north"},
				"east": {"uv": [0, 8, 16, 16], "texture": "#0", "cullface": "east"},
				"south": {"uv": [0, 8, 16, 16], "texture": "#0", "cullface": "south"},
				"west": {"uv": [0, 8, 16, 16], "texture": "#0", "cullface": "west"},
				"up": {"uv": [0, 0, 16, 16], "texture": "#0"},
				"down": {"uv": [0, 0, 16, 16], "texture": "#0", "cullface": "down"}
			}
		},
		{
			"from": [4, 6, 0],
			"to": [16, 13, 16],
			"rotation": {"angle": 0, "axis": "y", "origin": [8, 9, 8]},
			"faces": {
				"north": {"uv": [0, 0, 8, 8], "texture": "#0", "cullface": "north"},
				"east": {"uv": [0, 0, 16, 8], "texture": "#0", "cullface": "east"},
				"south": {"uv": [8, 0, 16, 8], "texture": "#0", "cullface": "south"},
				"west": {"uv": [0, 0, 16, 8], "texture": "#0"},
				"up": {"uv": [8, 0, 16, 16], "texture": "#missing", "cullface": "up"}
			}
		}
	],
	"display": {
		"thirdperson_righthand": {
			"rotation": [75, 50, 0],
			"translation": [0, 1, 0],
			"scale": [0.5, 0.5, 0.5]
		},
		"thirdperson_lefthand": {
			"rotation": [75, 50, 0],
			"translation": [0, 1, 0],
			"scale": [0.5, 0.5, 0.5]
		},
		"firstperson_righthand": {
			"rotation": [0, 25, 0],
			"translation": [0, 0.5, 0],
			"scale": [0.75, 0.75, 0.75]
		},
		"firstperson_lefthand": {
			"rotation": [0, 25, 0],
			"translation": [0, 0.5, 0],
			"scale": [0.75, 0.75, 0.75]
		},
		"ground": {
			"translation": [0, 3, 0],
			"scale": [0.75, 0.75, 0.75]
		},
		"gui": {
			"rotation": [35, 135, 0],
			"scale": [0.75, 0.75, 0.75]
		},
		"head": {
			"rotation": [0, -90, 0]
		},
		"fixed": {
			"rotation": [0, -90, 0],
			"scale": [0.75, 0.75, 0.75]
		}
	}
}