{
	"credit": "Made with Blockbench",
	"textures": {
		"0": "block/spruce_log",
		"1": "block/spruce_log_top",
		"particle": "block/spruce_log"
	},
	"elements": [
		{
			"from": [5, 5, 0],
			"to": [11, 11, 8],
			"rotation": {"angle": 0, "axis": "x", "origin": [7, 0, 8]},
			"faces": {
				"north": {"uv": [0, 0, 16, 16], "texture": "#1"},
				"east": {"uv": [0, 0, 10, 16], "rotation": 90, "texture": "#0"},
				"south": {"uv": [0, 0, 16, 16], "texture": "#1"},
				"west": {"uv": [0, 0, 10, 16], "rotation": 90, "texture": "#0"},
				"up": {"uv": [0, 0, 10, 16], "texture": "#0"},
				"down": {"uv": [0, 0, 10, 16], "texture": "#0"}
			}
		}
	],
	"display": {
		"thirdperson_righthand": {
			"rotation": [75, 50, 0],
			"translation": [0, 1, 0],
			"scale": [0.5, 0.5, 0.5]
		},
		"thirdperson_lefthand": {
			"rotation": [75, 50, 0],
			"translation": [0, 1, 0],
			"scale": [0.5, 0.5, 0.5]
		},
		"firstperson_righthand": {
			"rotation": [0, 25, 0],
			"translation": [0.5, 0, 0],
			"scale": [0.75, 0.75, 0.75]
		},
		"firstperson_lefthand": {
			"rotation": [0, 25, 0],
			"translation": [0.5, 0, 0],
			"scale": [0.75, 0.75, 0.75]
		},
		"ground": {
			"translation": [0, 3, 0],
			"scale": [0.75, 0.75, 0.75]
		},
		"gui": {
			"rotation": [35, -135, 0],
			"scale": [0.75, 0.75, 0.75]
		},
		"head": {
			"rotation": [0, 48, 0],
			"translation": [-0.25, 9.5, 0]
		},
		"fixed": {
			"rotation": [0, 90, 0],
			"scale": [0.75, 0.75, 0.75]
		}
	}
}