{
	"credit": "Created by xalixilax",
	"parent": "block/block",
	"textures": {
		"chains": "block/lantern",
		"particle": "block/iton_bars"
	},
	"elements": [
		{
			"name": "chains 45_1",
			"from": [6.5, 0.9, 8],
			"to": [9.5, 4.4, 8],
			"shade": false,
			"rotation": {"angle": 45, "axis": "y", "origin": [8, 8, 8]},
			"faces": {
				"north": {"uv": [11, 1, 14, 5], "texture": "#chains"},
				"south": {"uv": [11, 1, 14, 5], "texture": "#chains"}
				}
		},
		{
			"name": "chains 45_2",
			"from": [6.5, 6.2, 8],
			"to": [9.5, 9.7, 8],
			"shade": false,
			"rotation": {"angle": 45, "axis": "y", "origin": [8, 8, 8]},
			"faces": {
				"north": {"uv": [11, 1, 14, 5], "texture": "#chains"},
				"south": {"uv": [11, 1, 14, 5], "texture": "#chains"}
			}
		},
		{
			"name": "chains 45_3",
			"from": [6.5, 11.6, 8],
			"to": [9.5, 15.1, 8],
			"shade": false,
			"rotation": {"angle": 45, "axis": "y", "origin": [8, 8, 8]},
			"faces": {
				"north": {"uv": [11, 1, 14, 5], "texture": "#chains"},
				"south": {"uv": [11, 1, 14, 5], "texture": "#chains"}
			}
		},
		{
			"name": "chains -45_1",
			"from": [6.5, 14.4, 8.001],
			"to": [9.5, 17.9, 8],
			"shade": false,
			"rotation": {"angle": -45, "axis": "y", "origin": [8, 8, 8]},
			"faces": {
				"north": {"uv": [11, 1, 14, 5], "texture": "#chains"},
				"south": {"uv": [11, 1, 14, 5], "texture": "#chains"}
			}
		},
		{
			"name": "chains -45_2",
			"from": [6.5, 9, 8],
			"to": [9.5, 12.5, 8],
			"shade": false,
			"rotation": {"angle": -45, "axis": "y", "origin": [8, 8, 8]},
			"faces": {
				"north": {"uv": [11, 1, 14, 5], "texture": "#chains"},
				"south": {"uv": [11, 1, 14, 5], "texture": "#chains"}
			}
		},
		{
			"name": "chains -45_3",
			"from": [6.5, 3.5, 8],
			"to": [9.5, 7, 8],
			"shade": false,
			"rotation": {"angle": -45, "axis": "y", "origin": [8, 8, 8]},
			"faces": {
				"north": {"uv": [11, 1, 14, 5], "texture": "#chains"},
				"south": {"uv": [11, 1, 14, 5], "texture": "#chains"}
			}
		},
		{
			"name": "chains -45_4",
			"from": [6.5, -1.9, 7.999],
			"to": [9.5, 1.6, 8],
			"shade": false,
			"rotation": {"angle": -45, "axis": "y", "origin": [8, 8, 8]},
			"faces": {
				"north": {"uv": [11, 1, 14, 5], "texture": "#chains"},
				"south": {"uv": [11, 1, 14, 5], "texture": "#chains"}
			}
		}
	]
}