{
	"credit": "Made with Blockbench",
	"textures": {
		"texture": "block/flower_pot_wood",
		"water": "block/flower_pot_water"
	},
	"elements": [
		{
			"name": "water",
			"from": [7, 4, 7],
			"to": [10, 4, 10],
			"rotation": {"angle": 0, "axis": "y", "origin": [14, 12, 14]},
			"faces": {
				"north": {"uv": [0, 0, 6, 0], "texture": "#water"},
				"east": {"uv": [0, 0, 6, 0], "texture": "#water"},
				"south": {"uv": [0, 0, 6, 0], "texture": "#water"},
				"west": {"uv": [0, 0, 6, 0], "texture": "#water"},
				"up": {"uv": [6, 6, 10, 10], "texture": "#texture"},
				"down": {"uv": [0, 0, 6, 6], "texture": "#water"}
			}
		},
		{
			"from": [7, 0, 6],
			"to": [10, 5, 7],
			"rotation": {"angle": 0, "axis": "y", "origin": [14, 8, 14]},
			"faces": {
				"north": {"uv": [5, 11, 11, 16], "texture": "#texture"},
				"east": {"uv": [5, 0, 7, 5], "texture": "#texture"},
				"south": {"uv": [5, 0, 11, 5], "texture": "#texture"},
				"west": {"uv": [7, 0, 9, 5], "texture": "#texture"},
				"up": {"uv": [5, 10, 9, 11], "texture": "#texture"},
				"down": {"uv": [0, 0, 3, 1], "texture": "#water"}
			}
		},
		{
			"from": [10, 0, 7],
			"to": [11, 5, 10],
			"rotation": {"angle": 0, "axis": "y", "origin": [14, 8, 14]},
			"faces": {
				"north": {"uv": [6, 0, 8, 5], "texture": "#texture"},
				"east": {"uv": [5, 11, 11, 16], "texture": "#texture"},
				"south": {"uv": [7, 0, 9, 5], "texture": "#texture"},
				"west": {"uv": [5, 0, 11, 5], "texture": "#texture"},
				"up": {"uv": [5, 5, 11, 6], "rotation": 90, "texture": "#texture"},
				"down": {"uv": [0, 0, 1, 3], "texture": "#water"}
			}
		},
		{
			"from": [6, 0, 7],
			"to": [7, 5, 10],
			"rotation": {"angle": 0, "axis": "y", "origin": [10, 8, 14]},
			"faces": {
				"north": {"uv": [9, 0, 11, 5], "texture": "#texture"},
				"east": {"uv": [5, 11, 11, 16], "texture": "#texture"},
				"south": {"uv": [8, 0, 10, 5], "texture": "#texture"},
				"west": {"uv": [5, 11, 11, 16], "texture": "#texture"},
				"up": {"uv": [10, 6, 11, 10], "texture": "#texture"},
				"down": {"uv": [0, 0, 1, 3], "texture": "#water"}
			}
		},
		{
			"from": [7, 0, 10],
			"to": [10, 5, 11],
			"rotation": {"angle": 0, "axis": "y", "origin": [14, 8, 18]},
			"faces": {
				"north": {"uv": [5, 11, 11, 16], "texture": "#texture"},
				"east": {"uv": [5, 0, 7, 5], "texture": "#texture"},
				"south": {"uv": [5, 11, 11, 16], "texture": "#texture"},
				"west": {"uv": [6, 0, 8, 5], "texture": "#texture"},
				"up": {"uv": [5, 10, 9, 11], "texture": "#texture"},
				"down": {"uv": [0, 0, 3, 1], "texture": "#water"}
			}
		}
	]
}