{
	"credit": "Made with Blockbench",
	"parent": "block/template_wall_post",
	"textures": {
		"0": "block/spruce_planks",
		"particle": "block/spruce_planks"
	},
	"elements": [
		{
			"from": [4, 0, 4],
			"to": [12, 16, 12],
			"faces": {
				"north": {"uv": [0, 0, 8, 16], "texture": "#0"},
				"east": {"uv": [0, 0, 8, 16], "texture": "#0"},
				"south": {"uv": [0, 0, 8, 16], "texture": "#0"},
				"west": {"uv": [0, 0, 8, 16], "texture": "#0"},
				"up": {"uv": [0, 0, 8, 8], "texture": "#0"},
				"down": {"uv": [0, 0, 8, 8], "texture": "#0"}
			}
		},
		{
			"from": [5, 5, 0],
			"to": [11, 11, 16],
			"faces": {
				"north": {"uv": [0, 0, 8, 11], "rotation": 180, "texture": "#0"},
				"east": {"uv": [0, 0, 11, 16], "rotation": 90, "texture": "#0"},
				"south": {"uv": [0, 0, 8, 11], "texture": "#0"},
				"west": {"uv": [0, 0, 11, 16], "rotation": 270, "texture": "#0"},
				"up": {"uv": [0, 0, 11, 16], "texture": "#0"},
				"down": {"uv": [0, 0, 11, 16], "rotation": 180, "texture": "#0"}
			}
		}
	],
	"groups": [0,
		{
			"name": "prismarine_wall_side",
			"origin": [8, 8, 8],
			"children": [1]
		}
	]
}