{
	"credit": "Made with Blockbench",
	"texture_size": [32, 32],
	"textures": {
		"0": "./claymore",
		"particle": "./claymore"
	},
	"elements": [
		{
			"from": [14, 1, 8],
			"to": [16, 3, 9],
			"rotation": {"angle": 0, "axis": "z", "origin": [15.5, 1.5, 8.5]},
			"faces": {
				"north": {"uv": [0.5, 14.5, 1.5, 15.5], "texture": "#0"},
				"east": {"uv": [0.5, 14.5, 1, 15.5], "texture": "#0"},
				"south": {"uv": [1.5, 14.5, 0.5, 15.5], "texture": "#0"},
				"west": {"uv": [1, 14.5, 1.5, 15.5], "texture": "#0"},
				"up": {"uv": [0.5, 14.5, 1.5, 15], "texture": "#0"},
				"down": {"uv": [1.5, 15, 0.5, 15.5], "texture": "#0"}
			}
		},
		{
			"from": [12, 3, 8.25],
			"to": [14, 5, 8.75],
			"rotation": {"angle": 0, "axis": "z", "origin": [13.5, 3.5, 8.5]},
			"faces": {
				"north": {"uv": [1.5, 13.5, 2.5, 14.5], "texture": "#0"},
				"east": {"uv": [1.5, 13.5, 2, 14.5], "texture": "#0"},
				"south": {"uv": [2.5, 13.5, 1.5, 14.5], "texture": "#0"},
				"west": {"uv": [2, 13.5, 2.5, 14.5], "texture": "#0"},
				"up": {"uv": [2.5, 13.5, 1.5, 14], "texture": "#0"},
				"down": {"uv": [2.5, 14, 1.5, 14.5], "texture": "#0"}
			}
		},
		{
			"from": [9, 5, 8],
			"to": [11, 7, 9],
			"rotation": {"angle": 0, "axis": "z", "origin": [11.5, 5.5, 8.5]},
			"faces": {
				"north": {"uv": [3, 12.5, 4, 13.5], "texture": "#0"},
				"east": {"uv": [2.5, 12.5, 3, 13.5], "texture": "#0"},
				"south": {"uv": [4, 12.5, 3, 13.5], "texture": "#0"},
				"west": {"uv": [3.5, 12.5, 4, 13.5], "texture": "#0"},
				"up": {"uv": [4, 12.5, 3, 13], "texture": "#0"},
				"down": {"uv": [2.5, 13, 4, 13.5], "texture": "#0"}
			}
		},
		{
			"from": [8, 7, 8.25],
			"to": [10, 9, 8.75],
			"rotation": {"angle": 0, "axis": "z", "origin": [9.5, 7.5, 8.5]},
			"faces": {
				"north": {"uv": [3.5, 11.5, 4.5, 12.5], "texture": "#0"},
				"east": {"uv": [0, 0, 1, 2], "texture": "#missing"},
				"south": {"uv": [4.5, 11.5, 3.5, 12.5], "texture": "#0"},
				"west": {"uv": [4.5, 11, 5, 12], "texture": "#0"},
				"up": {"uv": [4.5, 11.5, 3.5, 12], "texture": "#0"},
				"down": {"uv": [0, 0, 2, 1], "texture": "#missing"}
			}
		},
		{
			"from": [6, 9, 8.25],
			"to": [8, 11, 8.75],
			"rotation": {"angle": 0, "axis": "z", "origin": [7.5, 9.5, 8.5]},
			"faces": {
				"north": {"uv": [4.5, 10.5, 5.5, 11.5], "texture": "#0"},
				"east": {"uv": [4.5, 10.5, 5, 11.5], "texture": "#0"},
				"south": {"uv": [5.5, 10.5, 4.5, 11.5], "texture": "#0"},
				"west": {"uv": [5, 10.5, 5.5, 11.5], "texture": "#0"},
				"up": {"uv": [5.5, 10.5, 4.5, 11], "texture": "#0"},
				"down": {"uv": [5.5, 11, 4.5, 11.5], "texture": "#0"}
			}
		},
		{
			"from": [4, 11, 8.25],
			"to": [6, 13, 8.75],
			"rotation": {"angle": 0, "axis": "z", "origin": [5.5, 11.5, 8.5]},
			"faces": {
				"north": {"uv": [5.5, 9.5, 6.5, 10.5], "texture": "#0"},
				"east": {"uv": [5.5, 9.5, 6, 10.5], "texture": "#0"},
				"south": {"uv": [6.5, 9.5, 5.5, 10.5], "texture": "#0"},
				"west": {"uv": [6, 9.5, 6.5, 10.5], "texture": "#0"},
				"up": {"uv": [6.5, 9.5, 5.5, 10], "texture": "#0"},
				"down": {"uv": [6.5, 10, 5.5, 10.5], "texture": "#0"}
			}
		},
		{
			"from": [2, 13, 8.25],
			"to": [4, 15, 8.75],
			"rotation": {"angle": 0, "axis": "z", "origin": [3.5, 13.5, 8.5]},
			"faces": {
				"north": {"uv": [6.5, 8.5, 7.5, 9.5], "texture": "#0"},
				"east": {"uv": [6.5, 8.5, 7, 9.5], "texture": "#0"},
				"south": {"uv": [7.5, 8.5, 6.5, 9.5], "texture": "#0"},
				"west": {"uv": [7, 8.5, 7.5, 9.5], "texture": "#0"},
				"up": {"uv": [7.5, 8.5, 6.5, 9], "texture": "#0"},
				"down": {"uv": [7.5, 9, 6.5, 9.5], "texture": "#0"}
			}
		},
		{
			"from": [0, 15, 8.25],
			"to": [2, 17, 8.75],
			"rotation": {"angle": 0, "axis": "z", "origin": [1.5, 15.5, 8.5]},
			"faces": {
				"north": {"uv": [7.5, 7.5, 8.5, 8.5], "texture": "#0"},
				"east": {"uv": [7.5, 7.5, 8, 8.5], "texture": "#0"},
				"south": {"uv": [8.5, 7.5, 7.5, 8.5], "texture": "#0"},
				"west": {"uv": [8, 7.5, 8.5, 8.5], "texture": "#0"},
				"up": {"uv": [8.5, 7.5, 7.5, 8], "texture": "#0"},
				"down": {"uv": [8.5, 8, 7.5, 8.5], "texture": "#0"}
			}
		},
		{
			"from": [-2, 17, 8.25],
			"to": [0, 19, 8.75],
			"rotation": {"angle": 0, "axis": "z", "origin": [-0.5, 17.5, 8.5]},
			"faces": {
				"north": {"uv": [8.5, 6.5, 9.5, 7.5], "texture": "#0"},
				"east": {"uv": [8.5, 6.5, 9, 7.5], "texture": "#0"},
				"south": {"uv": [9.5, 6.5, 8.5, 7.5], "texture": "#0"},
				"west": {"uv": [9, 6.5, 9.5, 7.5], "texture": "#0"},
				"up": {"uv": [9.5, 6.5, 8.5, 7], "texture": "#0"},
				"down": {"uv": [9.5, 7, 8.5, 7.5], "texture": "#0"}
			}
		},
		{
			"from": [-4, 19, 8.25],
			"to": [-2, 21, 8.75],
			"rotation": {"angle": 0, "axis": "z", "origin": [-2.5, 19.5, 8.5]},
			"faces": {
				"north": {"uv": [9.5, 5.5, 10.5, 6.5], "texture": "#0"},
				"east": {"uv": [9.5, 5.5, 10, 6.5], "texture": "#0"},
				"south": {"uv": [10.5, 5.5, 9.5, 6.5], "texture": "#0"},
				"west": {"uv": [10, 5.5, 10.5, 6.5], "texture": "#0"},
				"up": {"uv": [10.5, 5.5, 9.5, 6], "texture": "#0"},
				"down": {"uv": [10.5, 6, 9.5, 6.5], "texture": "#0"}
			}
		},
		{
			"from": [13, 2, 8.25],
			"to": [14, 3, 8.75],
			"rotation": {"angle": 0, "axis": "z", "origin": [13.5, 1.5, 8.5]},
			"faces": {
				"north": {"uv": [1.5, 14.5, 2, 15], "texture": "#0"},
				"east": {"uv": [1.5, 14.5, 2, 15], "texture": "#0"},
				"south": {"uv": [1.5, 14.5, 2, 15], "texture": "#0"},
				"west": {"uv": [1.5, 14.5, 2, 15], "texture": "#0"},
				"up": {"uv": [1.5, 14.5, 2, 15], "texture": "#0"},
				"down": {"uv": [1.5, 14.5, 2, 15], "texture": "#0"}
			}
		},
		{
			"from": [11, 4, 8.25],
			"to": [12, 6, 8.75],
			"rotation": {"angle": 0, "axis": "z", "origin": [11.5, 3.5, 8.5]},
			"faces": {
				"north": {"uv": [2.5, 13, 3, 14], "texture": "#0"},
				"east": {"uv": [2.5, 13.5, 3, 14], "texture": "#0"},
				"south": {"uv": [2.5, 13, 3, 14], "texture": "#0"},
				"west": {"uv": [2.5, 13.5, 3, 14], "texture": "#0"},
				"up": {"uv": [2.5, 13.5, 3, 14], "texture": "#0"},
				"down": {"uv": [2.5, 13.5, 3, 14], "texture": "#0"}
			}
		},
		{
			"from": [14, 3, 8.25],
			"to": [15, 4, 8.75],
			"rotation": {"angle": 0, "axis": "z", "origin": [14.5, 2.5, 8.5]},
			"faces": {
				"north": {"uv": [1, 14, 1.5, 14.5], "texture": "#0"},
				"east": {"uv": [1, 14, 1.5, 14.5], "texture": "#0"},
				"south": {"uv": [1, 14, 1.5, 14.5], "texture": "#0"},
				"west": {"uv": [1, 14, 1.5, 14.5], "texture": "#0"},
				"up": {"uv": [1, 14, 1.5, 14.5], "texture": "#0"},
				"down": {"uv": [1, 14, 1.5, 14.5], "texture": "#0"}
			}
		},
		{
			"from": [12, 5, 8.25],
			"to": [13, 6, 8.75],
			"rotation": {"angle": 0, "axis": "z", "origin": [12.5, 4.5, 8.5]},
			"faces": {
				"north": {"uv": [2, 13, 2.5, 13.5], "texture": "#0"},
				"east": {"uv": [2, 13, 2.5, 13.5], "texture": "#0"},
				"south": {"uv": [2, 13, 2.5, 13.5], "texture": "#0"},
				"west": {"uv": [2, 13, 2.5, 13.5], "texture": "#0"},
				"up": {"uv": [2, 13, 2.5, 13.5], "texture": "#0"},
				"down": {"uv": [2, 13, 2.5, 13.5], "texture": "#0"}
			}
		},
		{
			"from": [11, 6, 8],
			"to": [12, 7, 9],
			"rotation": {"angle": 0, "axis": "z", "origin": [11.5, 5.5, 8.5]},
			"faces": {
				"north": {"uv": [2.5, 12.5, 3, 13], "texture": "#0"},
				"east": {"uv": [2.5, 12.5, 3, 13], "texture": "#0"},
				"south": {"uv": [2.5, 12.5, 3, 13], "texture": "#0"},
				"west": {"uv": [2.5, 12.5, 3, 13], "texture": "#0"},
				"up": {"uv": [2.5, 12.5, 3, 13], "texture": "#0"},
				"down": {"uv": [2.5, 12.5, 3, 13], "texture": "#0"}
			}
		},
		{
			"from": [10, 8, 8.25],
			"to": [11, 9, 8.75],
			"rotation": {"angle": 0, "axis": "z", "origin": [10.5, 7.5, 8.5]},
			"faces": {
				"north": {"uv": [3, 11.5, 3.5, 12], "texture": "#0"},
				"east": {"uv": [3, 11.5, 3.5, 12], "texture": "#0"},
				"south": {"uv": [3, 11.5, 3.5, 12], "texture": "#0"},
				"west": {"uv": [3, 11.5, 3.5, 12], "texture": "#0"},
				"up": {"uv": [3, 11.5, 3.5, 12], "texture": "#0"},
				"down": {"uv": [3, 11.5, 3.5, 12], "texture": "#0"}
			}
		},
		{
			"from": [6, 11, 8.25],
			"to": [7, 12, 8.75],
			"rotation": {"angle": 0, "axis": "z", "origin": [6.5, 10.5, 8.5]},
			"faces": {
				"north": {"uv": [5, 10, 5.5, 10.5], "texture": "#0"},
				"east": {"uv": [5, 10, 5.5, 10.5], "texture": "#0"},
				"south": {"uv": [5, 10, 5.5, 10.5], "texture": "#0"},
				"west": {"uv": [5, 10, 5.5, 10.5], "texture": "#0"},
				"up": {"uv": [5, 10, 5.5, 10.5], "texture": "#0"},
				"down": {"uv": [5, 10, 5.5, 10.5], "texture": "#0"}
			}
		},
		{
			"from": [4, 13, 8.25],
			"to": [5, 14, 8.75],
			"rotation": {"angle": 0, "axis": "z", "origin": [4.5, 12.5, 8.5]},
			"faces": {
				"north": {"uv": [6, 9, 6.5, 9.5], "texture": "#0"},
				"east": {"uv": [6, 9, 6.5, 9.5], "texture": "#0"},
				"south": {"uv": [6, 9, 6.5, 9.5], "texture": "#0"},
				"west": {"uv": [6, 9, 6.5, 9.5], "texture": "#0"},
				"up": {"uv": [6, 9, 6.5, 9.5], "texture": "#0"},
				"down": {"uv": [6, 9, 6.5, 9.5], "texture": "#0"}
			}
		},
		{
			"from": [2, 15, 8.25],
			"to": [3, 16, 8.75],
			"rotation": {"angle": 0, "axis": "z", "origin": [2.5, 14.5, 8.5]},
			"faces": {
				"north": {"uv": [7, 8, 7.5, 8.5], "texture": "#0"},
				"east": {"uv": [7, 8, 7.5, 8.5], "texture": "#0"},
				"south": {"uv": [7, 8, 7.5, 8.5], "texture": "#0"},
				"west": {"uv": [7, 8, 7.5, 8.5], "texture": "#0"},
				"up": {"uv": [7, 8, 7.5, 8.5], "texture": "#0"},
				"down": {"uv": [7, 8, 7.5, 8.5], "texture": "#0"}
			}
		},
		{
			"from": [0, 17, 8.25],
			"to": [1, 18, 8.75],
			"rotation": {"angle": 0, "axis": "z", "origin": [0.5, 16.5, 8.5]},
			"faces": {
				"north": {"uv": [8, 7, 8.5, 7.5], "texture": "#0"},
				"east": {"uv": [8, 7, 8.5, 7.5], "texture": "#0"},
				"south": {"uv": [8, 7, 8.5, 7.5], "texture": "#0"},
				"west": {"uv": [8, 7, 8.5, 7.5], "texture": "#0"},
				"up": {"uv": [8, 7, 8.5, 7.5], "texture": "#0"},
				"down": {"uv": [8, 7, 8.5, 7.5], "texture": "#0"}
			}
		},
		{
			"from": [-2, 19, 8.25],
			"to": [-1, 20, 8.75],
			"rotation": {"angle": 0, "axis": "z", "origin": [-1.5, 18.5, 8.5]},
			"faces": {
				"north": {"uv": [9, 6, 9.5, 6.5], "texture": "#0"},
				"east": {"uv": [9, 6, 9.5, 6.5], "texture": "#0"},
				"south": {"uv": [9, 6, 9.5, 6.5], "texture": "#0"},
				"west": {"uv": [9, 6, 9.5, 6.5], "texture": "#0"},
				"up": {"uv": [9, 6, 9.5, 6.5], "texture": "#0"},
				"down": {"uv": [9, 6, 9.5, 6.5], "texture": "#0"}
			}
		},
		{
			"from": [-3, 18, 8.25],
			"to": [-2, 19, 8.75],
			"rotation": {"angle": 0, "axis": "z", "origin": [-2.5, 17.5, 8.5]},
			"faces": {
				"north": {"uv": [9.5, 6.5, 10, 7], "texture": "#0"},
				"east": {"uv": [9.5, 6.5, 10, 7], "texture": "#0"},
				"south": {"uv": [9.5, 6.5, 10, 7], "texture": "#0"},
				"west": {"uv": [9.5, 6.5, 10, 7], "texture": "#0"},
				"up": {"uv": [9.5, 6.5, 10, 7], "texture": "#0"},
				"down": {"uv": [9.5, 6.5, 10, 7], "texture": "#0"}
			}
		},
		{
			"from": [-1, 16, 8.25],
			"to": [0, 17, 8.75],
			"rotation": {"angle": 0, "axis": "z", "origin": [-0.5, 15.5, 8.5]},
			"faces": {
				"north": {"uv": [8.5, 7.5, 9, 8], "texture": "#0"},
				"east": {"uv": [8.5, 7.5, 9, 8], "texture": "#0"},
				"south": {"uv": [8.5, 7.5, 9, 8], "texture": "#0"},
				"west": {"uv": [8.5, 7.5, 9, 8], "texture": "#0"},
				"up": {"uv": [8.5, 7.5, 9, 8], "texture": "#0"},
				"down": {"uv": [8.5, 7.5, 9, 8], "texture": "#0"}
			}
		},
		{
			"from": [1, 14, 8.25],
			"to": [2, 15, 8.75],
			"rotation": {"angle": 0, "axis": "z", "origin": [1.5, 13.5, 8.5]},
			"faces": {
				"north": {"uv": [7.5, 8.5, 8, 9], "texture": "#0"},
				"east": {"uv": [7.5, 8.5, 8, 9], "texture": "#0"},
				"south": {"uv": [7.5, 8.5, 8, 9], "texture": "#0"},
				"west": {"uv": [7.5, 8.5, 8, 9], "texture": "#0"},
				"up": {"uv": [7.5, 8.5, 8, 9], "texture": "#0"},
				"down": {"uv": [7.5, 8.5, 8, 9], "texture": "#0"}
			}
		},
		{
			"from": [3, 12, 8.25],
			"to": [4, 13, 8.75],
			"rotation": {"angle": 0, "axis": "z", "origin": [3.5, 11.5, 8.5]},
			"faces": {
				"north": {"uv": [6.5, 9.5, 7, 10], "texture": "#0"},
				"east": {"uv": [6.5, 9.5, 7, 10], "texture": "#0"},
				"south": {"uv": [6.5, 9.5, 7, 10], "texture": "#0"},
				"west": {"uv": [6.5, 9.5, 7, 10], "texture": "#0"},
				"up": {"uv": [6.5, 9.5, 7, 10], "texture": "#0"},
				"down": {"uv": [6.5, 9.5, 7, 10], "texture": "#0"}
			}
		},
		{
			"from": [5, 10, 8.25],
			"to": [6, 11, 8.75],
			"rotation": {"angle": 0, "axis": "z", "origin": [5.5, 9.5, 8.5]},
			"faces": {
				"north": {"uv": [5.5, 10.5, 6, 11], "texture": "#0"},
				"east": {"uv": [5.5, 10.5, 6, 11], "texture": "#0"},
				"south": {"uv": [5.5, 10.5, 6, 11], "texture": "#0"},
				"west": {"uv": [5.5, 10.5, 6, 11], "texture": "#0"},
				"up": {"uv": [5.5, 10.5, 6, 11], "texture": "#0"},
				"down": {"uv": [5.5, 10.5, 6, 11], "texture": "#0"}
			}
		},
		{
			"from": [4, 9, 8.25],
			"to": [5, 10, 8.75],
			"rotation": {"angle": 0, "axis": "z", "origin": [4.5, 8.5, 8.5]},
			"faces": {
				"north": {"uv": [6, 11, 6.5, 11.5], "texture": "#0"},
				"east": {"uv": [6, 11, 6.5, 11.5], "texture": "#0"},
				"south": {"uv": [6, 11, 6.5, 11.5], "texture": "#0"},
				"west": {"uv": [6, 11, 6.5, 11.5], "texture": "#0"},
				"up": {"uv": [6, 11, 6.5, 11.5], "texture": "#0"},
				"down": {"uv": [6, 11, 6.5, 11.5], "texture": "#0"}
			}
		},
		{
			"from": [7, 12, 8.25],
			"to": [8, 13, 8.75],
			"rotation": {"angle": 0, "axis": "z", "origin": [7.5, 11.5, 8.5]},
			"faces": {
				"north": {"uv": [4.5, 9.5, 5, 10], "texture": "#0"},
				"east": {"uv": [4.5, 9.5, 5, 10], "texture": "#0"},
				"south": {"uv": [4.5, 9.5, 5, 10], "texture": "#0"},
				"west": {"uv": [4.5, 9.5, 5, 10], "texture": "#0"},
				"up": {"uv": [4.5, 9.5, 5, 10], "texture": "#0"},
				"down": {"uv": [4.5, 9.5, 5, 10], "texture": "#0"}
			}
		},
		{
			"from": [8, 9, 8.25],
			"to": [9, 10, 8.75],
			"rotation": {"angle": 0, "axis": "z", "origin": [8.5, 8.5, 8.5]},
			"faces": {
				"north": {"uv": [4, 11, 4.5, 11.5], "texture": "#0"},
				"east": {"uv": [4, 11, 4.5, 11.5], "texture": "#0"},
				"south": {"uv": [4, 11, 4.5, 11.5], "texture": "#0"},
				"west": {"uv": [4, 11, 4.5, 11.5], "texture": "#0"},
				"up": {"uv": [4, 11, 4.5, 11.5], "texture": "#0"},
				"down": {"uv": [4, 11, 4.5, 11.5], "texture": "#0"}
			}
		},
		{
			"from": [7, 8, 8.25],
			"to": [8, 9, 8.75],
			"rotation": {"angle": 0, "axis": "z", "origin": [6.5, 7.5, 8.5]},
			"faces": {
				"north": {"uv": [4.5, 11.5, 5, 12], "texture": "#0"},
				"east": {"uv": [4.5, 11.5, 5, 12], "texture": "#0"},
				"south": {"uv": [4.5, 11.5, 5, 12], "texture": "#0"},
				"west": {"uv": [4.5, 11.5, 5, 12], "texture": "#0"},
				"up": {"uv": [4.5, 11.5, 5, 12], "texture": "#0"},
				"down": {"uv": [4.5, 11.5, 5, 12], "texture": "#0"}
			}
		},
		{
			"from": [8, 6, 8.25],
			"to": [9, 7, 8.75],
			"rotation": {"angle": 0, "axis": "z", "origin": [8.5, 5.5, 8.5]},
			"faces": {
				"north": {"uv": [4, 12.5, 4.5, 13], "texture": "#0"},
				"east": {"uv": [4, 12.5, 4.5, 13], "texture": "#0"},
				"south": {"uv": [4, 12.5, 4.5, 13], "texture": "#0"},
				"west": {"uv": [4, 12.5, 4.5, 13], "texture": "#0"},
				"up": {"uv": [4, 12.5, 4.5, 13], "texture": "#0"},
				"down": {"uv": [4, 12.5, 4.5, 13], "texture": "#0"}
			}
		},
		{
			"from": [10, 7, 8],
			"to": [13, 8, 9],
			"rotation": {"angle": 0, "axis": "z", "origin": [10.5, 6.5, 8.5]},
			"faces": {
				"north": {"uv": [2, 12, 3.5, 12.5], "texture": "#0"},
				"east": {"uv": [2, 12, 2.5, 12.5], "texture": "#0"},
				"south": {"uv": [2, 12, 3.5, 12.5], "texture": "#0"},
				"west": {"uv": [3, 12, 3.5, 12.5], "texture": "#0"},
				"up": {"uv": [2, 12, 3.5, 12.5], "texture": "#0"},
				"down": {"uv": [2, 12, 3.5, 12.5], "texture": "#0"}
			}
		},
		{
			"from": [9, 4, 8],
			"to": [10, 5, 9],
			"rotation": {"angle": 0, "axis": "z", "origin": [7.5, 5.5, 8.5]},
			"faces": {
				"north": {"uv": [3.5, 13.5, 4, 14], "texture": "#0"},
				"east": {"uv": [3.5, 13.5, 4, 14], "texture": "#0"},
				"south": {"uv": [3.5, 13.5, 4, 14], "texture": "#0"},
				"west": {"uv": [3.5, 13.5, 4, 14], "texture": "#0"},
				"up": {"uv": [3.5, 13.5, 4, 14], "texture": "#0"},
				"down": {"uv": [3.5, 13.5, 4, 14], "texture": "#0"}
			}
		},
		{
			"from": [8, 3, 8],
			"to": [9, 5, 9],
			"rotation": {"angle": 0, "axis": "z", "origin": [6.5, 4.5, 8.5]},
			"faces": {
				"north": {"uv": [4, 13.5, 4.5, 14.5], "texture": "#0"},
				"east": {"uv": [4, 13.5, 4.5, 14.5], "texture": "#0"},
				"south": {"uv": [4, 13.5, 4.5, 14.5], "texture": "#0"},
				"west": {"uv": [4, 13.5, 4.5, 14.5], "texture": "#0"},
				"up": {"uv": [4, 13.5, 4.5, 14.5], "texture": "#0"},
				"down": {"uv": [4, 13.5, 4.5, 14.5], "texture": "#0"}
			}
		},
		{
			"from": [12, 8, 8],
			"to": [14, 9, 9],
			"rotation": {"angle": 0, "axis": "z", "origin": [10.5, 9.5, 8.5]},
			"faces": {
				"north": {"uv": [1.5, 11.5, 2.5, 12], "texture": "#0"},
				"east": {"uv": [1.5, 11.5, 2.5, 12], "texture": "#0"},
				"south": {"uv": [1.5, 11.5, 2.5, 12], "texture": "#0"},
				"west": {"uv": [1.5, 11.5, 2.5, 12], "texture": "#0"},
				"up": {"uv": [1.5, 11.5, 2.5, 12], "texture": "#0"},
				"down": {"uv": [1.5, 11.5, 2.5, 12], "texture": "#0"}
			}
		},
		{
			"from": [15, 0, 8],
			"to": [16, 1, 9],
			"rotation": {"angle": 0, "axis": "z", "origin": [15.5, -0.5, 8.5]},
			"faces": {
				"north": {"uv": [0.5, 15.5, 1, 16], "texture": "#0"},
				"east": {"uv": [0.5, 15.5, 1, 16], "texture": "#0"},
				"south": {"uv": [0.5, 15.5, 1, 16], "texture": "#0"},
				"west": {"uv": [0.5, 15.5, 1, 16], "texture": "#0"},
				"up": {"uv": [0.5, 15.5, 1, 16], "texture": "#0"},
				"down": {"uv": [0.5, 15.5, 1, 16], "texture": "#0"}
			}
		},
		{
			"from": [16, 1, 8],
			"to": [17, 2, 9],
			"rotation": {"angle": 0, "axis": "z", "origin": [16.5, 0.5, 8.5]},
			"faces": {
				"north": {"uv": [0, 15, 0.5, 15.5], "texture": "#0"},
				"east": {"uv": [0, 15, 0.3, 15.2615], "texture": "#0"},
				"south": {"uv": [0, 15, 0.3, 15.2615], "texture": "#0"},
				"west": {"uv": [0, 15, 0.3, 15.2615], "texture": "#0"},
				"up": {"uv": [0, 15, 0.3, 15.2615], "texture": "#0"},
				"down": {"uv": [0, 15, 0.3, 15.2615], "texture": "#0"}
			}
		}
	],
	"gui_light": "front",
	"display": {
		"thirdperson_righthand": {
			"rotation": [0, -90, -48],
			"translation": [0.25, 3.75, 1],
			"scale": [0.85, 0.85, 0.85]
		},
		"thirdperson_lefthand": {
			"rotation": [0, -90, 45],
			"translation": [0.25, 3.75, 1.75],
			"scale": [0.85, 0.85, 0.85]
		},
		"firstperson_righthand": {
			"rotation": [0, -93, -23],
			"translation": [0.25, 4.25, 1.25],
			"scale": [0.68, 0.68, 0.68]
		},
		"firstperson_lefthand": {
			"rotation": [0, 93, 23],
			"translation": [0.25, 4.25, 1.25],
			"scale": [0.68, 0.68, 0.68]
		},
		"ground": {
			"translation": [0, 3, 0],
			"scale": [0.5, 0.5, 0.5]
		},
		"gui": {
			"rotation": [0, -180, 0],
			"translation": [-1, -1.5, 0],
			"scale": [0.7, 0.7, 0.7]
		},
		"fixed": {
			"translation": [0.75, -1.25, -0.75],
			"scale": [0.7, 0.7, 0.7]
		}
	},
	"groups": [
		{
			"name": "claymore",
			"origin": [8, 8, 8],
			"children": [0, 1, 2, 3, 4, 5, 6, 7, 8, 9, 10, 11, 12, 13, 14, 15, 16, 17, 18, 19, 20, 21, 22, 23, 24, 25, 26, 27, 28, 29, 30, 31, 32, 33, 34, 35, 36]
		}
	]
}