{
	"credit": "Made with Blockbench",
	"texture_size": [32, 32],
	"textures": {
		"0": "./dancers_sword",
		"particle": "./dancers_sword"
	},
	"elements": [
		{
			"from": [15, 0, 6.25],
			"to": [16, 4, 6.75],
			"rotation": {"angle": 0, "axis": "y", "origin": [23, 8, 14]},
			"faces": {
				"north": {"uv": [0, 14, 0.5, 16], "texture": "#0"},
				"east": {"uv": [0, 14, 0.5, 16], "texture": "#0"},
				"south": {"uv": [0, 14, 0.5, 16], "texture": "#0"},
				"west": {"uv": [0, 14, 0.5, 16], "texture": "#0"},
				"up": {"uv": [0, 14, 0.5, 16], "texture": "#0"},
				"down": {"uv": [0, 14, 0.5, 16], "texture": "#0"}
			}
		},
		{
			"from": [14, 1, 6.25],
			"to": [15, 5, 6.75],
			"rotation": {"angle": 0, "axis": "y", "origin": [22, 9, 14]},
			"faces": {
				"north": {"uv": [0.5, 13.5, 1, 15.5], "texture": "#0"},
				"east": {"uv": [0.5, 13.5, 1, 15.5], "texture": "#0"},
				"south": {"uv": [0.5, 13.5, 1, 15.5], "texture": "#0"},
				"west": {"uv": [0.5, 13.5, 1, 15.5], "texture": "#0"},
				"up": {"uv": [0.5, 13.5, 1, 14], "texture": "#0"},
				"down": {"uv": [0.5, 15, 1, 15.5], "texture": "#0"}
			}
		},
		{
			"from": [13, 2, 6.25],
			"to": [14, 6, 6.75],
			"rotation": {"angle": 0, "axis": "y", "origin": [21, 10, 14]},
			"faces": {
				"north": {"uv": [1, 13, 1.5, 15], "texture": "#0"},
				"east": {"uv": [1, 13, 1.5, 15], "texture": "#0"},
				"south": {"uv": [1, 13, 1.5, 15], "texture": "#0"},
				"west": {"uv": [1, 13, 1.5, 15], "texture": "#0"},
				"up": {"uv": [1, 13, 1.5, 13.5], "texture": "#0"},
				"down": {"uv": [1, 14.5, 1.5, 15], "texture": "#0"}
			}
		},
		{
			"from": [12, 3, 6.25],
			"to": [13, 7, 6.75],
			"rotation": {"angle": 0, "axis": "y", "origin": [20, 11, 14]},
			"faces": {
				"north": {"uv": [1.5, 12.5, 2, 14.5], "texture": "#0"},
				"east": {"uv": [1.5, 12.5, 2, 14.5], "texture": "#0"},
				"south": {"uv": [1.5, 12.5, 2, 14.5], "texture": "#0"},
				"west": {"uv": [1.5, 12.5, 2, 14.5], "texture": "#0"},
				"up": {"uv": [1.5, 12.5, 2, 13], "texture": "#0"},
				"down": {"uv": [2, 13.5, 2.5, 14], "texture": "#0"}
			}
		},
		{
			"from": [11, 4, 6.25],
			"to": [12, 8, 6.75],
			"rotation": {"angle": 0, "axis": "y", "origin": [19, 12, 14]},
			"faces": {
				"north": {"uv": [2, 12, 2.5, 14], "texture": "#0"},
				"east": {"uv": [2, 12, 2.5, 14], "texture": "#0"},
				"south": {"uv": [2, 12, 2.5, 14], "texture": "#0"},
				"west": {"uv": [2, 12, 2.5, 14], "texture": "#0"},
				"up": {"uv": [2, 12, 2.5, 12.5], "texture": "#0"},
				"down": {"uv": [2, 13.5, 2.5, 14], "texture": "#0"}
			}
		},
		{
			"from": [10, 5, 6.25],
			"to": [11, 9, 6.75],
			"rotation": {"angle": 0, "axis": "y", "origin": [18, 13, 14]},
			"faces": {
				"north": {"uv": [2.5, 11.5, 3, 13.5], "texture": "#0"},
				"east": {"uv": [2.5, 11.5, 3, 13.5], "texture": "#0"},
				"south": {"uv": [2.5, 11.5, 3, 13.5], "texture": "#0"},
				"west": {"uv": [2.5, 11.5, 3, 13.5], "texture": "#0"},
				"up": {"uv": [2.5, 11.5, 3, 12], "texture": "#0"},
				"down": {"uv": [2.5, 13, 3, 13.5], "texture": "#0"}
			}
		},
		{
			"from": [9, 6, 6.25],
			"to": [10, 10, 6.75],
			"rotation": {"angle": 0, "axis": "y", "origin": [17, 14, 14]},
			"faces": {
				"north": {"uv": [3, 11, 3.5, 13], "texture": "#0"},
				"east": {"uv": [3, 11, 3.5, 13], "texture": "#0"},
				"south": {"uv": [3, 11, 3.5, 13], "texture": "#0"},
				"west": {"uv": [3, 11, 3.5, 13], "texture": "#0"},
				"up": {"uv": [0, 0, 0.5, 0.5], "texture": "#missing"},
				"down": {"uv": [3, 12.5, 3.5, 13], "texture": "#0"}
			}
		},
		{
			"from": [8, 7, 6.25],
			"to": [9, 9, 6.75],
			"rotation": {"angle": 0, "axis": "y", "origin": [16, 14, 14]},
			"faces": {
				"north": {"uv": [3.5, 11.5, 4, 12.5], "texture": "#0"},
				"east": {"uv": [0, 0, 0.5, 1], "texture": "#missing"},
				"south": {"uv": [3.5, 11.5, 4, 12.5], "texture": "#0"},
				"west": {"uv": [3.5, 11.5, 4, 12.5], "texture": "#0"},
				"up": {"uv": [0, 0, 0.5, 0.5], "texture": "#missing"},
				"down": {"uv": [3.5, 12, 4, 12.5], "texture": "#0"}
			}
		},
		{
			"from": [6, 8, 6],
			"to": [8, 9, 7],
			"rotation": {"angle": 0, "axis": "y", "origin": [15, 14, 14]},
			"faces": {
				"north": {"uv": [4, 11.5, 5, 12], "texture": "#0"},
				"east": {"uv": [4, 11.5, 4.5, 12], "texture": "#0"},
				"south": {"uv": [5, 11.5, 4, 12], "texture": "#0"},
				"west": {"uv": [4.5, 11.5, 5, 12], "texture": "#0"},
				"up": {"uv": [5, 11.5, 4, 12], "texture": "#0"},
				"down": {"uv": [5, 11.5, 4, 12], "texture": "#0"}
			}
		},
		{
			"from": [6, 7, 6],
			"to": [7, 8, 7],
			"rotation": {"angle": 0, "axis": "y", "origin": [15, 13, 14]},
			"faces": {
				"north": {"uv": [4.5, 12, 5, 12.5], "texture": "#0"},
				"east": {"uv": [4.5, 12, 5, 12.5], "texture": "#0"},
				"south": {"uv": [4.5, 12, 5, 12.5], "texture": "#0"},
				"west": {"uv": [4.5, 12, 5, 12.5], "texture": "#0"},
				"up": {"uv": [4.5, 12, 5, 12.5], "texture": "#0"},
				"down": {"uv": [4.5, 12, 5, 12.5], "texture": "#0"}
			}
		},
		{
			"from": [8, 9, 6],
			"to": [9, 11, 7],
			"rotation": {"angle": 0, "axis": "y", "origin": [16, 16, 14]},
			"faces": {
				"north": {"uv": [3.5, 10.5, 4, 11.5], "texture": "#0"},
				"east": {"uv": [3.5, 10.5, 4, 11.5], "texture": "#0"},
				"south": {"uv": [3.5, 10.5, 4, 11.5], "texture": "#0"},
				"west": {"uv": [3.5, 10.5, 4, 11.5], "texture": "#0"},
				"up": {"uv": [3.5, 10.5, 4, 11], "texture": "#0"},
				"down": {"uv": [3.5, 11, 4, 11.5], "texture": "#0"}
			}
		},
		{
			"from": [6, 9, 6.25],
			"to": [8, 11, 6.75],
			"rotation": {"angle": 0, "axis": "y", "origin": [15, 16, 14]},
			"faces": {
				"north": {"uv": [4, 10.5, 5, 11.5], "texture": "#0"},
				"east": {"uv": [0, 0, 0.25, 1], "texture": "#missing"},
				"south": {"uv": [5, 10.5, 4, 11.5], "texture": "#0"},
				"west": {"uv": [4.5, 10.5, 4.75, 11.5], "texture": "#0"},
				"up": {"uv": [5, 10.5, 4, 10.75], "texture": "#0"},
				"down": {"uv": [0, 0, 1, 0.25], "texture": "#missing"}
			}
		},
		{
			"from": [4, 11, 6.25],
			"to": [6, 13, 6.75],
			"rotation": {"angle": 0, "axis": "y", "origin": [13, 18, 14]},
			"faces": {
				"north": {"uv": [5, 9.5, 6, 10.5], "texture": "#0"},
				"east": {"uv": [5, 9.5, 5.25, 10.5], "texture": "#0"},
				"south": {"uv": [6, 9.5, 5, 10.5], "texture": "#0"},
				"west": {"uv": [5.5, 9.5, 5.75, 10.5], "texture": "#0"},
				"up": {"uv": [6, 9.5, 5, 9.75], "texture": "#0"},
				"down": {"uv": [6, 10, 5, 10.25], "texture": "#0"}
			}
		},
		{
			"from": [2, 13, 6.25],
			"to": [4, 15, 6.75],
			"rotation": {"angle": 0, "axis": "y", "origin": [11, 20, 14]},
			"faces": {
				"north": {"uv": [6, 8.5, 7, 9.5], "texture": "#0"},
				"east": {"uv": [6, 8.5, 6.25, 9.5], "texture": "#0"},
				"south": {"uv": [7, 8.5, 6, 9.5], "texture": "#0"},
				"west": {"uv": [6.5, 8.5, 6.75, 9.5], "texture": "#0"},
				"up": {"uv": [7, 8.5, 6, 8.75], "texture": "#0"},
				"down": {"uv": [7, 9, 6, 9.25], "texture": "#0"}
			}
		},
		{
			"from": [2, 15, 6.25],
			"to": [3, 16, 6.75],
			"rotation": {"angle": 0, "axis": "y", "origin": [11, 21, 14]},
			"faces": {
				"north": {"uv": [6.5, 8, 7, 8.5], "texture": "#0"},
				"east": {"uv": [6.5, 8, 7, 8.5], "texture": "#0"},
				"south": {"uv": [6.5, 8, 7, 8.5], "texture": "#0"},
				"west": {"uv": [6.5, 8, 7, 8.5], "texture": "#0"},
				"up": {"uv": [6.5, 8, 7, 8.5], "texture": "#0"},
				"down": {"uv": [6.5, 8, 7, 8.5], "texture": "#0"}
			}
		},
		{
			"from": [2, 16, 6],
			"to": [3, 18, 7],
			"rotation": {"angle": 0, "axis": "y", "origin": [11, 22, 14]},
			"faces": {
				"north": {"uv": [6.5, 7, 7, 8], "texture": "#0"},
				"east": {"uv": [6.5, 7, 7, 8], "texture": "#0"},
				"south": {"uv": [6.5, 7, 7, 8], "texture": "#0"},
				"west": {"uv": [6.5, 7, 7, 8], "texture": "#0"},
				"up": {"uv": [6.5, 7, 7, 8], "texture": "#0"},
				"down": {"uv": [6.5, 7, 7, 8], "texture": "#0"}
			}
		},
		{
			"from": [0, 16, 6.25],
			"to": [1, 18, 6.75],
			"rotation": {"angle": 0, "axis": "y", "origin": [9, 22, 14]},
			"faces": {
				"north": {"uv": [7.5, 7, 8, 8], "texture": "#0"},
				"east": {"uv": [7.5, 7, 7.75, 8], "texture": "#0"},
				"south": {"uv": [7.5, 7, 8, 8], "texture": "#0"},
				"west": {"uv": [0, 0, 0.25, 1], "texture": "#missing"},
				"up": {"uv": [7.5, 7, 8, 7.25], "texture": "#0"},
				"down": {"uv": [0, 0, 0.5, 0.25], "texture": "#missing"}
			}
		},
		{
			"from": [-1, 15, 6.25],
			"to": [0, 19, 6.75],
			"rotation": {"angle": 0, "axis": "y", "origin": [8, 22, 14]},
			"faces": {
				"north": {"uv": [8, 6.5, 8.5, 8.5], "texture": "#0"},
				"east": {"uv": [8, 6.5, 8.25, 8.5], "texture": "#0"},
				"south": {"uv": [8, 6.5, 8.5, 8.5], "texture": "#0"},
				"west": {"uv": [8, 6.5, 8.25, 8.5], "texture": "#0"},
				"up": {"uv": [8, 6.5, 8.5, 6.75], "texture": "#0"},
				"down": {"uv": [0, 0, 0.5, 0.25], "texture": "#missing"}
			}
		},
		{
			"from": [-3, 17, 6.25],
			"to": [-2, 21, 6.75],
			"rotation": {"angle": 0, "axis": "y", "origin": [6, 24, 14]},
			"faces": {
				"north": {"uv": [9, 5.5, 9.5, 7.5], "texture": "#0"},
				"east": {"uv": [9, 5.5, 9.25, 7.5], "texture": "#0"},
				"south": {"uv": [9, 5.5, 9.5, 7.5], "texture": "#0"},
				"west": {"uv": [9, 5.5, 9.25, 7.5], "texture": "#0"},
				"up": {"uv": [9, 5.5, 9.5, 5.75], "texture": "#0"},
				"down": {"uv": [9, 7, 9.5, 7.25], "texture": "#0"}
			}
		},
		{
			"from": [-4, 18, 6.25],
			"to": [-3, 22, 6.75],
			"rotation": {"angle": 0, "axis": "y", "origin": [5, 25, 14]},
			"faces": {
				"north": {"uv": [9.5, 5, 10, 7], "texture": "#0"},
				"east": {"uv": [9.5, 5, 9.75, 7], "texture": "#0"},
				"south": {"uv": [9.5, 5, 10, 7], "texture": "#0"},
				"west": {"uv": [9.5, 5, 9.75, 7], "texture": "#0"},
				"up": {"uv": [9.5, 5, 10, 5.25], "texture": "#0"},
				"down": {"uv": [9.5, 6.5, 10, 6.75], "texture": "#0"}
			}
		},
		{
			"from": [-5, 19, 6.25],
			"to": [-4, 23, 6.75],
			"rotation": {"angle": 0, "axis": "y", "origin": [4, 26, 14]},
			"faces": {
				"north": {"uv": [10, 4.5, 10.5, 6.5], "texture": "#0"},
				"east": {"uv": [10, 4.5, 10.25, 6.5], "texture": "#0"},
				"south": {"uv": [10, 4.5, 10.5, 6.5], "texture": "#0"},
				"west": {"uv": [10, 4.5, 10.25, 6.5], "texture": "#0"},
				"up": {"uv": [10, 4.5, 10.5, 4.75], "texture": "#0"},
				"down": {"uv": [10, 6, 10.5, 6.25], "texture": "#0"}
			}
		},
		{
			"from": [-6, 20, 6.25],
			"to": [-5, 25, 6.75],
			"rotation": {"angle": 0, "axis": "y", "origin": [3, 27, 14]},
			"faces": {
				"north": {"uv": [10.5, 3.5, 11, 6], "texture": "#0"},
				"east": {"uv": [10.5, 3.5, 10.75, 6], "texture": "#0"},
				"south": {"uv": [10.5, 3.5, 11, 6], "texture": "#0"},
				"west": {"uv": [10.5, 3.5, 10.75, 6], "texture": "#0"},
				"up": {"uv": [10.5, 3.5, 11, 3.75], "texture": "#0"},
				"down": {"uv": [10.5, 5.5, 11, 5.75], "texture": "#0"}
			}
		},
		{
			"from": [-7, 21, 6.25],
			"to": [-6, 26, 6.75],
			"rotation": {"angle": 0, "axis": "y", "origin": [2, 28, 14]},
			"faces": {
				"north": {"uv": [11, 3, 11.5, 5.5], "texture": "#0"},
				"east": {"uv": [11, 3, 11.5, 5.5], "texture": "#0"},
				"south": {"uv": [11, 3, 11.5, 5.5], "texture": "#0"},
				"west": {"uv": [11, 3, 11.5, 5.5], "texture": "#0"},
				"up": {"uv": [11, 3, 11.5, 5.5], "texture": "#0"},
				"down": {"uv": [11, 3, 11.5, 5.5], "texture": "#0"}
			}
		},
		{
			"from": [-2, 16, 6.25],
			"to": [-1, 20, 6.75],
			"rotation": {"angle": 0, "axis": "y", "origin": [7, 23, 14]},
			"faces": {
				"north": {"uv": [8.5, 6, 9, 8], "texture": "#0"},
				"east": {"uv": [8.5, 6, 8.75, 8], "texture": "#0"},
				"south": {"uv": [8.5, 6, 9, 8], "texture": "#0"},
				"west": {"uv": [8.5, 6, 8.75, 8], "texture": "#0"},
				"up": {"uv": [8.5, 6, 9, 6.25], "texture": "#0"},
				"down": {"uv": [8.5, 7.5, 9, 7.75], "texture": "#0"}
			}
		},
		{
			"from": [1, 15, 6],
			"to": [2, 17, 7],
			"rotation": {"angle": 0, "axis": "y", "origin": [10, 21, 14]},
			"faces": {
				"north": {"uv": [7, 7.5, 7.5, 8.5], "texture": "#0"},
				"east": {"uv": [7, 7.5, 7.5, 8.5], "texture": "#0"},
				"south": {"uv": [7, 7.5, 7.5, 8.5], "texture": "#0"},
				"west": {"uv": [7, 7.5, 7.5, 8.5], "texture": "#0"},
				"up": {"uv": [7, 7.5, 7.5, 8], "texture": "#0"},
				"down": {"uv": [7, 8, 7.5, 8.5], "texture": "#0"}
			}
		},
		{
			"from": [0, 14, 6],
			"to": [1, 16, 7],
			"rotation": {"angle": 0, "axis": "y", "origin": [9, 20, 14]},
			"faces": {
				"north": {"uv": [7.5, 8, 8, 9], "texture": "#0"},
				"east": {"uv": [7.5, 8, 8, 9], "texture": "#0"},
				"south": {"uv": [7.5, 8, 8, 9], "texture": "#0"},
				"west": {"uv": [7.5, 8, 8, 9], "texture": "#0"},
				"up": {"uv": [7.5, 8, 8, 8.5], "texture": "#0"},
				"down": {"uv": [7.5, 8.5, 8, 9], "texture": "#0"}
			}
		},
		{
			"from": [-1, 13, 6],
			"to": [0, 15, 7],
			"rotation": {"angle": 0, "axis": "y", "origin": [8, 19, 14]},
			"faces": {
				"north": {"uv": [8, 8.5, 8.5, 9.5], "texture": "#0"},
				"east": {"uv": [8, 8.5, 8.5, 9.5], "texture": "#0"},
				"south": {"uv": [8, 8.5, 8.5, 9.5], "texture": "#0"},
				"west": {"uv": [8, 8.5, 8.5, 9.5], "texture": "#0"},
				"up": {"uv": [8, 8.5, 8.5, 9.5], "texture": "#0"},
				"down": {"uv": [8, 8.5, 8.5, 9.5], "texture": "#0"}
			}
		},
		{
			"from": [0, 12, 6],
			"to": [1, 13, 7],
			"rotation": {"angle": 0, "axis": "y", "origin": [9, 18, 14]},
			"faces": {
				"north": {"uv": [7.5, 9.5, 8, 10], "texture": "#0"},
				"east": {"uv": [7.5, 9.5, 8, 10], "texture": "#0"},
				"south": {"uv": [7.5, 9.5, 8, 10], "texture": "#0"},
				"west": {"uv": [7.5, 9.5, 8, 10], "texture": "#0"},
				"up": {"uv": [7.5, 9.5, 8, 10], "texture": "#0"},
				"down": {"uv": [7.5, 9.5, 8, 10], "texture": "#0"}
			}
		},
		{
			"from": [1, 14, 6.25],
			"to": [2, 15, 6.75],
			"rotation": {"angle": 0, "axis": "y", "origin": [10, 20, 14]},
			"faces": {
				"north": {"uv": [7, 8.5, 7.5, 9], "texture": "#0"},
				"east": {"uv": [7, 8.5, 7.5, 9], "texture": "#0"},
				"south": {"uv": [7, 8.5, 7.5, 9], "texture": "#0"},
				"west": {"uv": [7, 8.5, 7.5, 9], "texture": "#0"},
				"up": {"uv": [7, 8.5, 7.5, 9], "texture": "#0"},
				"down": {"uv": [7, 8.5, 7.5, 9], "texture": "#0"}
			}
		},
		{
			"from": [3, 12, 6.25],
			"to": [4, 13, 6.75],
			"rotation": {"angle": 0, "axis": "y", "origin": [12, 18, 14]},
			"faces": {
				"north": {"uv": [6, 9.5, 6.5, 10], "texture": "#0"},
				"east": {"uv": [6, 9.5, 6.5, 10], "texture": "#0"},
				"south": {"uv": [6, 9.5, 6.5, 10], "texture": "#0"},
				"west": {"uv": [6, 9.5, 6.5, 10], "texture": "#0"},
				"up": {"uv": [6, 9.5, 6.5, 10], "texture": "#0"},
				"down": {"uv": [6, 9.5, 6.5, 10], "texture": "#0"}
			}
		},
		{
			"from": [5, 10, 6.25],
			"to": [6, 11, 6.75],
			"rotation": {"angle": 0, "axis": "y", "origin": [14, 16, 14]},
			"faces": {
				"north": {"uv": [5, 10.5, 5.5, 11], "texture": "#0"},
				"east": {"uv": [5, 10.5, 5.5, 11], "texture": "#0"},
				"south": {"uv": [5, 10.5, 5.5, 11], "texture": "#0"},
				"west": {"uv": [5, 10.5, 5.5, 11], "texture": "#0"},
				"up": {"uv": [5, 10.5, 5.5, 11], "texture": "#0"},
				"down": {"uv": [5, 10.5, 5.5, 11], "texture": "#0"}
			}
		},
		{
			"from": [6, 11, 6.25],
			"to": [7, 12, 6.75],
			"rotation": {"angle": 0, "axis": "y", "origin": [15, 17, 14]},
			"faces": {
				"north": {"uv": [4.5, 10, 5, 10.5], "texture": "#0"},
				"east": {"uv": [4.5, 10, 5, 10.5], "texture": "#0"},
				"south": {"uv": [4.5, 10, 5, 10.5], "texture": "#0"},
				"west": {"uv": [4.5, 10, 5, 10.5], "texture": "#0"},
				"up": {"uv": [4.5, 10, 5, 10.5], "texture": "#0"},
				"down": {"uv": [4.5, 10, 5, 10.5], "texture": "#0"}
			}
		},
		{
			"from": [4, 13, 6.25],
			"to": [5, 14, 6.75],
			"rotation": {"angle": 0, "axis": "y", "origin": [13, 19, 14]},
			"faces": {
				"north": {"uv": [5.5, 9, 6, 9.5], "texture": "#0"},
				"east": {"uv": [5.5, 9, 6, 9.5], "texture": "#0"},
				"south": {"uv": [5.5, 9, 6, 9.5], "texture": "#0"},
				"west": {"uv": [5.5, 9, 6, 9.5], "texture": "#0"},
				"up": {"uv": [5.5, 9, 6, 9.5], "texture": "#0"},
				"down": {"uv": [5.5, 9, 6, 9.5], "texture": "#0"}
			}
		},
		{
			"from": [9, 10, 6],
			"to": [10, 12, 7],
			"rotation": {"angle": 0, "axis": "y", "origin": [17, 17, 14]},
			"faces": {
				"north": {"uv": [3, 10, 3.5, 11], "texture": "#0"},
				"east": {"uv": [3, 10, 3.5, 11], "texture": "#0"},
				"south": {"uv": [3, 10, 3.5, 11], "texture": "#0"},
				"west": {"uv": [3, 10, 3.5, 11], "texture": "#0"},
				"up": {"uv": [3, 10, 3.5, 11], "texture": "#0"},
				"down": {"uv": [3, 10, 3.5, 11], "texture": "#0"}
			}
		},
		{
			"from": [8, 12, 6],
			"to": [9, 13, 7],
			"rotation": {"angle": 0, "axis": "y", "origin": [16, 18, 14]},
			"faces": {
				"north": {"uv": [3.5, 9.5, 4, 10], "texture": "#0"},
				"east": {"uv": [3.5, 9.5, 4, 10], "texture": "#0"},
				"south": {"uv": [3.5, 9.5, 4, 10], "texture": "#0"},
				"west": {"uv": [3.5, 9.5, 4, 10], "texture": "#0"},
				"up": {"uv": [3.5, 9.5, 4, 10], "texture": "#0"},
				"down": {"uv": [3.5, 9.5, 4, 10], "texture": "#0"}
			}
		}
	],
	"gui_light": "front",
	"display": {
		"thirdperson_righthand": {
			"rotation": [0, -90, -45],
			"translation": [-1.5, -8.75, 1],
			"scale": [1.2, 1.2, 1.2]
		},
		"thirdperson_lefthand": {
			"rotation": [0, 90, 45],
			"translation": [1.75, -8.75, 1],
			"scale": [1.2, 1.2, 1.2]
		},
		"firstperson_righthand": {
			"rotation": [0, -90, -15],
			"translation": [0.25, -6.25, 4.75]
		},
		"firstperson_lefthand": {
			"rotation": [0, 90, 15],
			"translation": [3.25, -6.25, 4.75]
		},
		"ground": {
			"translation": [0, 3, 0],
			"scale": [0.5, 0.5, 0.5]
		},
		"gui": {
			"rotation": [0, 0, -90],
			"translation": [-3, -1.75, 0],
			"scale": [0.6, 0.6, 0.6]
		},
		"fixed": {
			"translation": [2.5, -3.25, -0.75],
			"scale": [0.7, 0.7, 0.7]
		}
	}
}