{
	"credit": "Made with Blockbench",
	"parent": "item/generated",
	"textures": {
		"layer0": "./the_last_laugh_gold"
	},
	"gui_light": "front",
	"display": {
		"thirdperson_righthand": {
			"rotation": [0, 90, 45],
			"translation": [0.5, 7, 2.25]
		},
		"thirdperson_lefthand": {
			"rotation": [0, -90, -45],
			"translation": [-0.5, 7, 2.25]
		},
		"firstperson_righthand": {
			"rotation": [0, 90, 12],
			"translation": [2.5, 6.25, 0.5],
			"scale": [0.68, 0.68, 0.68]
		},
		"firstperson_lefthand": {
			"rotation": [0, -90, -12],
			"translation": [2, 6.5, 0.5],
			"scale": [0.68, 0.68, 0.68]
		},
		"ground": {
			"translation": [0, 4.75, 0]
		},
		"gui": {
			"rotation": [0, -180, 90],
			"translation": [1, 1.5, 0]
		},
		"fixed": {
			"rotation": [0, 0, 90],
			"translation": [-1.75, 1.75, -0.5]
		}
	}
}