{
	"credit": "Made with Blockbench",
	"texture_size": [32, 32],
	"textures": {
		"0": "./diamond_sword",
		"particle": "./diamond_sword"
	},
	"elements": [
		{
			"from": [14, 0, 7],
			"to": [16, 2, 8],
			"rotation": {"angle": 0, "axis": "y", "origin": [23, 8, 15]},
			"faces": {
				"north": {"uv": [0, 15, 1, 16], "texture": "#0"},
				"east": {"uv": [0, 15, 0.5, 16], "texture": "#0"},
				"south": {"uv": [1, 15, 0, 16], "texture": "#0"},
				"west": {"uv": [0.5, 15, 1, 16], "texture": "#0"},
				"up": {"uv": [1, 15, 0, 15.5], "texture": "#0"},
				"down": {"uv": [1, 15.5, 0, 16], "texture": "#0"}
			}
		},
		{
			"from": [14, 2, 7.25],
			"to": [15, 3, 7.75],
			"rotation": {"angle": 0, "axis": "y", "origin": [22, 10, 15]},
			"faces": {
				"north": {"uv": [0.5, 14.5, 1, 15], "texture": "#0"},
				"east": {"uv": [0.5, 14.5, 1, 15], "texture": "#0"},
				"south": {"uv": [0.5, 14.5, 1, 15], "texture": "#0"},
				"west": {"uv": [0.5, 14.5, 1, 15], "texture": "#0"},
				"up": {"uv": [0.5, 14.5, 1, 15], "texture": "#0"},
				"down": {"uv": [0.5, 14.5, 1, 15], "texture": "#0"}
			}
		},
		{
			"from": [12, 4, 7.25],
			"to": [13, 5, 7.75],
			"rotation": {"angle": 0, "axis": "y", "origin": [20, 12, 15]},
			"faces": {
				"north": {"uv": [1.5, 13.5, 2, 14], "texture": "#0"},
				"east": {"uv": [1.5, 13.5, 2, 14], "texture": "#0"},
				"south": {"uv": [1.5, 13.5, 2, 14], "texture": "#0"},
				"west": {"uv": [1.5, 13.5, 2, 14], "texture": "#0"},
				"up": {"uv": [1.5, 13.5, 2, 14], "texture": "#0"},
				"down": {"uv": [1.5, 13.5, 2, 14], "texture": "#0"}
			}
		},
		{
			"from": [12, 7, 7],
			"to": [13, 9, 8],
			"rotation": {"angle": 0, "axis": "y", "origin": [20, 16, 15]},
			"faces": {
				"north": {"uv": [1.5, 11.5, 2, 12.5], "texture": "#0"},
				"east": {"uv": [1.5, 11.5, 2, 12.5], "texture": "#0"},
				"south": {"uv": [1.5, 11.5, 2, 12.5], "texture": "#0"},
				"west": {"uv": [0, 0, 0.5, 1], "texture": "#missing"},
				"up": {"uv": [1.5, 11.5, 2, 12], "texture": "#0"},
				"down": {"uv": [1.5, 12, 2, 12.5], "texture": "#0"}
			}
		},
		{
			"from": [10, 4, 7.25],
			"to": [11, 5, 7.75],
			"rotation": {"angle": 0, "axis": "y", "origin": [18, 12, 15]},
			"faces": {
				"north": {"uv": [2.5, 13.5, 3, 14], "texture": "#0"},
				"east": {"uv": [2.5, 13.5, 3, 14], "texture": "#0"},
				"south": {"uv": [2.5, 13.5, 3, 14], "texture": "#0"},
				"west": {"uv": [2.5, 13.5, 3, 14], "texture": "#0"},
				"up": {"uv": [2.5, 13.5, 3, 14], "texture": "#0"},
				"down": {"uv": [2.5, 13.5, 3, 14], "texture": "#0"}
			}
		},
		{
			"from": [8, 5, 7],
			"to": [9, 6, 8],
			"rotation": {"angle": 0, "axis": "y", "origin": [16, 13, 15]},
			"faces": {
				"north": {"uv": [3.5, 13, 4, 13.5], "texture": "#0"},
				"east": {"uv": [3.5, 13, 4, 13.5], "texture": "#0"},
				"south": {"uv": [3.5, 13, 4, 13.5], "texture": "#0"},
				"west": {"uv": [3.5, 13, 4, 13.5], "texture": "#0"},
				"up": {"uv": [3.5, 13, 4, 13.5], "texture": "#0"},
				"down": {"uv": [3.5, 13, 4, 13.5], "texture": "#0"}
			}
		},
		{
			"from": [9, 5, 7],
			"to": [10, 7, 8],
			"rotation": {"angle": 0, "axis": "y", "origin": [17, 13, 15]},
			"faces": {
				"north": {"uv": [3, 12.5, 3.5, 13.5], "texture": "#0"},
				"east": {"uv": [3, 12.5, 3.5, 13.5], "texture": "#0"},
				"south": {"uv": [3, 12.5, 3.5, 13.5], "texture": "#0"},
				"west": {"uv": [3, 12.5, 3.5, 13.5], "texture": "#0"},
				"up": {"uv": [3, 12.5, 3.5, 13.5], "texture": "#0"},
				"down": {"uv": [3, 12.5, 3.5, 13.5], "texture": "#0"}
			}
		},
		{
			"from": [9, 7, 7.25],
			"to": [10, 9, 7.75],
			"rotation": {"angle": 0, "axis": "y", "origin": [17, 15, 15]},
			"faces": {
				"north": {"uv": [3, 11.5, 3.5, 12.5], "texture": "#0"},
				"east": {"uv": [3, 11.5, 3.5, 12.5], "texture": "#0"},
				"south": {"uv": [3, 11.5, 3.5, 12.5], "texture": "#0"},
				"west": {"uv": [3, 11.5, 3.5, 12.5], "texture": "#0"},
				"up": {"uv": [3, 11.5, 3.5, 12.5], "texture": "#0"},
				"down": {"uv": [3, 11.5, 3.5, 12.5], "texture": "#0"}
			}
		},
		{
			"from": [6, 10, 7.25],
			"to": [7, 12, 7.75],
			"rotation": {"angle": 0, "axis": "y", "origin": [14, 18, 15]},
			"faces": {
				"north": {"uv": [4.5, 10, 5, 11], "texture": "#0"},
				"east": {"uv": [4.5, 10, 5, 11], "texture": "#0"},
				"south": {"uv": [4.5, 10, 5, 11], "texture": "#0"},
				"west": {"uv": [4.5, 10, 5, 11], "texture": "#0"},
				"up": {"uv": [4.5, 10, 5, 10.5], "texture": "#0"},
				"down": {"uv": [4.5, 10, 5, 11], "texture": "#0"}
			}
		},
		{
			"from": [5, 8, 7.25],
			"to": [6, 10, 7.75],
			"rotation": {"angle": 0, "axis": "y", "origin": [13, 16, 15]},
			"faces": {
				"north": {"uv": [5, 11, 5.5, 12], "texture": "#0"},
				"east": {"uv": [0, 0, 0.25, 1], "texture": "#missing"},
				"south": {"uv": [5, 11, 5.5, 12], "texture": "#0"},
				"west": {"uv": [5, 11, 5.25, 12], "texture": "#0"},
				"up": {"uv": [0, 0, 0.5, 0.25], "texture": "#missing"},
				"down": {"uv": [5, 11.5, 5.5, 11.75], "texture": "#0"}
			}
		},
		{
			"from": [4, 9, 7.25],
			"to": [5, 10, 7.75],
			"rotation": {"angle": 0, "axis": "y", "origin": [12, 16, 15]},
			"faces": {
				"north": {"uv": [5.5, 11, 6, 11.5], "texture": "#0"},
				"east": {"uv": [5.5, 11, 6, 11.5], "texture": "#0"},
				"south": {"uv": [5.5, 11, 6, 11.5], "texture": "#0"},
				"west": {"uv": [5.5, 11, 6, 11.5], "texture": "#0"},
				"up": {"uv": [5.5, 11, 6, 11.5], "texture": "#0"},
				"down": {"uv": [5.5, 11, 6, 11.5], "texture": "#0"}
			}
		},
		{
			"from": [1, 12, 7.25],
			"to": [2, 13, 7.75],
			"rotation": {"angle": 0, "axis": "y", "origin": [9, 19, 15]},
			"faces": {
				"north": {"uv": [7, 9.5, 7.5, 10], "texture": "#0"},
				"east": {"uv": [7, 9.5, 7.5, 10], "texture": "#0"},
				"south": {"uv": [7, 9.5, 7.5, 10], "texture": "#0"},
				"west": {"uv": [7, 9.5, 7.5, 10], "texture": "#0"},
				"up": {"uv": [7, 9.5, 7.5, 10], "texture": "#0"},
				"down": {"uv": [7, 9.5, 7.5, 10], "texture": "#0"}
			}
		},
		{
			"from": [4, 13, 7.25],
			"to": [5, 14, 7.75],
			"rotation": {"angle": 0, "axis": "y", "origin": [12, 20, 15]},
			"faces": {
				"north": {"uv": [5.5, 9, 6, 9.5], "texture": "#0"},
				"east": {"uv": [5.5, 9, 6, 9.5], "texture": "#0"},
				"south": {"uv": [5.5, 9, 6, 9.5], "texture": "#0"},
				"west": {"uv": [5.5, 9, 6, 9.5], "texture": "#0"},
				"up": {"uv": [5.5, 9, 6, 9.5], "texture": "#0"},
				"down": {"uv": [5.5, 9, 6, 9.5], "texture": "#0"}
			}
		},
		{
			"from": [7, 10, 7.25],
			"to": [8, 11, 7.75],
			"rotation": {"angle": 0, "axis": "y", "origin": [15, 17, 15]},
			"faces": {
				"north": {"uv": [4, 10.5, 4.5, 11], "texture": "#0"},
				"east": {"uv": [4, 10.5, 4.5, 11], "texture": "#0"},
				"south": {"uv": [4, 10.5, 4.5, 11], "texture": "#0"},
				"west": {"uv": [4, 10.5, 4.5, 11], "texture": "#0"},
				"up": {"uv": [4, 10.5, 4.5, 11], "texture": "#0"},
				"down": {"uv": [4, 10.5, 4.5, 11], "texture": "#0"}
			}
		},
		{
			"from": [7, 6, 7.25],
			"to": [9, 7, 7.75],
			"rotation": {"angle": 0, "axis": "y", "origin": [16, 14, 15]},
			"faces": {
				"north": {"uv": [3.5, 12.5, 4.5, 13], "texture": "#0"},
				"east": {"uv": [3.5, 12.5, 4.5, 13], "texture": "#0"},
				"south": {"uv": [3.5, 12.5, 4.5, 13], "texture": "#0"},
				"west": {"uv": [3.5, 12.5, 4.5, 13], "texture": "#0"},
				"up": {"uv": [3.5, 12.5, 4.5, 13], "texture": "#0"},
				"down": {"uv": [3.5, 12.5, 4.5, 13], "texture": "#0"}
			}
		},
		{
			"from": [6, 7, 7.25],
			"to": [9, 10, 7.75],
			"rotation": {"angle": 0, "axis": "y", "origin": [16, 15, 15]},
			"faces": {
				"north": {"uv": [3.5, 11, 5, 12.5], "texture": "#0"},
				"east": {"uv": [3.5, 11, 3.75, 12.5], "texture": "#0"},
				"south": {"uv": [5, 11, 3.5, 12.5], "texture": "#0"},
				"west": {"uv": [4.5, 11, 4.75, 12.5], "texture": "#0"},
				"up": {"uv": [5, 11, 3.5, 11.25], "texture": "#0"},
				"down": {"uv": [5, 12, 3.5, 12.25], "texture": "#0"}
			}
		},
		{
			"from": [3, 10, 7.25],
			"to": [6, 13, 7.75],
			"rotation": {"angle": 0, "axis": "y", "origin": [13, 18, 15]},
			"faces": {
				"north": {"uv": [5, 9.5, 6.5, 11], "texture": "#0"},
				"east": {"uv": [5, 9.5, 5.25, 11], "texture": "#0"},
				"south": {"uv": [6.5, 9.5, 5, 11], "texture": "#0"},
				"west": {"uv": [6, 9.5, 6.25, 11], "texture": "#0"},
				"up": {"uv": [6.5, 9.5, 5, 9.75], "texture": "#0"},
				"down": {"uv": [6.5, 10.5, 5, 10.75], "texture": "#0"}
			}
		},
		{
			"from": [0, 13, 7.25],
			"to": [3, 16, 7.75],
			"rotation": {"angle": 0, "axis": "y", "origin": [10, 21, 15]},
			"faces": {
				"north": {"uv": [6.5, 8, 8, 9.5], "texture": "#0"},
				"east": {"uv": [6.5, 8, 6.75, 9.5], "texture": "#0"},
				"south": {"uv": [8, 8, 6.5, 9.5], "texture": "#0"},
				"west": {"uv": [7.5, 8, 7.75, 9.5], "texture": "#0"},
				"up": {"uv": [8, 8, 6.5, 8.25], "texture": "#0"},
				"down": {"uv": [8, 9, 6.5, 9.25], "texture": "#0"}
			}
		},
		{
			"from": [-1, 16, 7.25],
			"to": [2, 17, 7.75],
			"rotation": {"angle": 0, "axis": "y", "origin": [10, 24, 15]},
			"faces": {
				"north": {"uv": [7, 7.5, 8.5, 8], "texture": "#0"},
				"east": {"uv": [7, 7.5, 7.25, 8], "texture": "#0"},
				"south": {"uv": [8.5, 7.5, 7, 8], "texture": "#0"},
				"west": {"uv": [8, 7.5, 8.5, 8], "texture": "#0"},
				"up": {"uv": [8.5, 7.5, 7, 7.75], "texture": "#0"},
				"down": {"uv": [0, 0, 1.5, 0.25], "texture": "#missing"}
			}
		},
		{
			"from": [-1, 14, 7.25],
			"to": [0, 16, 7.75],
			"rotation": {"angle": 0, "axis": "y", "origin": [10, 23, 15]},
			"faces": {
				"north": {"uv": [8, 8, 8.5, 9], "texture": "#0"},
				"east": {"uv": [8, 8, 8.5, 9], "texture": "#0"},
				"south": {"uv": [8, 8, 8.5, 9], "texture": "#0"},
				"west": {"uv": [8, 8, 8.5, 9], "texture": "#0"},
				"up": {"uv": [8, 8, 8.5, 9], "texture": "#0"},
				"down": {"uv": [8, 8, 8.5, 9], "texture": "#0"}
			}
		},
		{
			"from": [3, 13, 7.25],
			"to": [4, 15, 7.75],
			"rotation": {"angle": 0, "axis": "y", "origin": [14, 22, 15]},
			"faces": {
				"north": {"uv": [6, 8.5, 6.5, 9.5], "texture": "#0"},
				"east": {"uv": [6, 8.5, 6.5, 9.5], "texture": "#0"},
				"south": {"uv": [6, 8.5, 6.5, 9.5], "texture": "#0"},
				"west": {"uv": [0, 0, 0.25, 1], "texture": "#missing"},
				"up": {"uv": [6, 8.5, 6.5, 8.75], "texture": "#0"},
				"down": {"uv": [0, 0, 0.5, 0.25], "texture": "#missing"}
			}
		},
		{
			"from": [2, 11, 7.25],
			"to": [3, 13, 7.75],
			"rotation": {"angle": 0, "axis": "y", "origin": [13, 20, 15]},
			"faces": {
				"north": {"uv": [6.5, 9.5, 7, 10.5], "texture": "#0"},
				"east": {"uv": [0, 0, 0.25, 1], "texture": "#missing"},
				"south": {"uv": [6.5, 9.5, 7, 10.5], "texture": "#0"},
				"west": {"uv": [6.5, 9.5, 6.75, 10.5], "texture": "#0"},
				"up": {"uv": [0, 0, 0.5, 0.25], "texture": "#missing"},
				"down": {"uv": [6.5, 10, 7, 10.25], "texture": "#0"}
			}
		},
		{
			"from": [6, 4, 7],
			"to": [10, 5, 8],
			"rotation": {"angle": 0, "axis": "y", "origin": [17, 12, 15]},
			"faces": {
				"north": {"uv": [3, 13.5, 5, 14], "texture": "#0"},
				"east": {"uv": [3, 13.5, 3.5, 14], "texture": "#0"},
				"south": {"uv": [5, 13.5, 3, 14], "texture": "#0"},
				"west": {"uv": [4.5, 13.5, 5, 14], "texture": "#0"},
				"up": {"uv": [5, 13.5, 3, 14], "texture": "#0"},
				"down": {"uv": [5, 13.5, 3, 14], "texture": "#0"}
			}
		},
		{
			"from": [7, 3, 7],
			"to": [9, 4, 8],
			"rotation": {"angle": 0, "axis": "y", "origin": [17, 11, 15]},
			"faces": {
				"north": {"uv": [3.5, 14, 4.5, 14.5], "texture": "#0"},
				"east": {"uv": [3.5, 14, 4, 14.5], "texture": "#0"},
				"south": {"uv": [4.5, 14, 3.5, 14.5], "texture": "#0"},
				"west": {"uv": [4, 14, 4.5, 14.5], "texture": "#0"},
				"up": {"uv": [0, 0, 1, 0.5], "texture": "#missing"},
				"down": {"uv": [4.5, 14, 3.5, 14.5], "texture": "#0"}
			}
		},
		{
			"from": [13, 1, 7.25],
			"to": [14, 2, 7.75],
			"rotation": {"angle": 0, "axis": "y", "origin": [21, 9, 15]},
			"faces": {
				"north": {"uv": [1, 15, 1.5, 15.5], "texture": "#0"},
				"east": {"uv": [1, 15, 1.5, 15.5], "texture": "#0"},
				"south": {"uv": [1, 15, 1.5, 15.5], "texture": "#0"},
				"west": {"uv": [1, 15, 1.5, 15.5], "texture": "#0"},
				"up": {"uv": [1, 15, 1.5, 15.5], "texture": "#0"},
				"down": {"uv": [1, 15, 1.5, 15.5], "texture": "#0"}
			}
		},
		{
			"from": [12, 2, 7.25],
			"to": [14, 4, 7.75],
			"rotation": {"angle": 0, "axis": "y", "origin": [21, 10, 15]},
			"faces": {
				"north": {"uv": [1, 14, 2, 15], "texture": "#0"},
				"east": {"uv": [1, 14, 1.25, 15], "texture": "#0"},
				"south": {"uv": [2.5, 13.5, 1.5, 14.5], "texture": "#0"},
				"west": {"uv": [1.5, 14, 1.75, 15], "texture": "#0"},
				"up": {"uv": [2, 14, 1, 14.25], "texture": "#0"},
				"down": {"uv": [2, 14.5, 1, 14.75], "texture": "#0"}
			}
		},
		{
			"from": [11, 3, 7.25],
			"to": [12, 6, 7.75],
			"rotation": {"angle": 0, "axis": "y", "origin": [20, 11, 15]},
			"faces": {
				"north": {"uv": [2, 13, 2.5, 14.5], "texture": "#0"},
				"east": {"uv": [2, 13, 2.25, 14.5], "texture": "#0"},
				"south": {"uv": [2, 13, 2.5, 14.5], "texture": "#0"},
				"west": {"uv": [2, 13, 2.25, 14.5], "texture": "#0"},
				"up": {"uv": [0, 0, 0.5, 0.25], "texture": "#missing"},
				"down": {"uv": [2, 14, 2.5, 14.25], "texture": "#0"}
			}
		},
		{
			"from": [10, 5, 7],
			"to": [11, 8, 8],
			"rotation": {"angle": 0, "axis": "y", "origin": [19, 13, 15]},
			"faces": {
				"north": {"uv": [2.5, 12, 3, 13.5], "texture": "#0"},
				"east": {"uv": [2.5, 12, 3, 13.5], "texture": "#0"},
				"south": {"uv": [2.5, 12, 3, 13.5], "texture": "#0"},
				"west": {"uv": [2.5, 12, 3, 13.5], "texture": "#0"},
				"up": {"uv": [2.5, 12, 3, 12.5], "texture": "#0"},
				"down": {"uv": [2.5, 13, 3, 13.5], "texture": "#0"}
			}
		},
		{
			"from": [11, 6, 7],
			"to": [12, 10, 8],
			"rotation": {"angle": 0, "axis": "y", "origin": [20, 14, 15]},
			"faces": {
				"north": {"uv": [2, 11, 2.5, 13], "texture": "#0"},
				"east": {"uv": [2, 11, 2.5, 13], "texture": "#0"},
				"south": {"uv": [2, 11, 2.5, 13], "texture": "#0"},
				"west": {"uv": [2, 11, 2.5, 13], "texture": "#0"},
				"up": {"uv": [2, 11, 2.5, 11.5], "texture": "#0"},
				"down": {"uv": [2, 12.5, 2.5, 13], "texture": "#0"}
			}
		}
	],
	"gui_light": "front",
	"display": {
		"thirdperson_righthand": {
			"rotation": [0, -90, -45],
			"translation": [-0.5, 4.5, 1.25]
		},
		"thirdperson_lefthand": {
			"rotation": [0, 90, 45],
			"translation": [0.5, 4.5, 1.25]
		},
		"firstperson_righthand": {
			"rotation": [0, -90, -31],
			"translation": [0.75, 4, 0]
		},
		"firstperson_lefthand": {
			"rotation": [0, 90, 31],
			"translation": [1.75, 4, 0]
		},
		"ground": {
			"translation": [0, 3, 0],
			"scale": [0.85, 0.85, 0.85]
		},
		"gui": {
			"rotation": [0, -180, 0],
			"translation": [-0.5, -0.5, 0],
			"scale": [0.85, 0.85, 0.85]
		},
		"fixed": {
			"translation": [0.25, -0.25, 0]
		}
	}
}